fila,identificador,nombre,current_attack,explicit_attack,keyword_hints,proposed_attack,missing_attack,excluded_raw,excluded_effective_detect,excluded_not_effective,proposed_d3fend_detect,d3_count
2,﻿[AUT][Public IP]CU046_Possible_external_brute_force,[AUT][Public IP]CU046_Possible_external_brute_force,T1110; T1110.001,,T1078; T1110; T1190,T1078; T1110; T1110.001; T1190,,D3-AEM; D3-APM; D3-CCSA,D3-AEM; D3-APM; D3-CCSA,,D3-APCA - Application Protocol Command Analysis; D3-CSPP - Client-server Payload Profiling; D3-DQSA - Database Query String Analysis; D3-ISVA - Inbound Session Volume Analysis; D3-NTCD - Network Traffic Community Deviation; D3-NTSA - Network Traffic Signature Analysis; D3-OPM - Operational Process Monitoring; D3-PHDURA - Per Host Download-Upload Ratio Analysis; D3-PM - Platform Monitoring; D3-PMAD - Protocol Metadata Anomaly Detection; D3-RTSD - Remote Terminal Session Detection; D3-UBA - User Behavior Analysis; D3-UGLPA - User Geolocation Logon Pattern Analysis,13
3,﻿[AUT][Public IP]CU087_Trojan_Backdoor_Spyware_from same IP,[AUT][Public IP]CU087_Trojan_Backdoor_Spyware_from same IP,T1190,,T1190; T1204,T1190; T1204,,,,,D3-APCA - Application Protocol Command Analysis; D3-CSPP - Client-server Payload Profiling; D3-DQSA - Database Query String Analysis; D3-ISVA - Inbound Session Volume Analysis; D3-NTCD - Network Traffic Community Deviation; D3-NTSA - Network Traffic Signature Analysis; D3-PHDURA - Per Host Download-Upload Ratio Analysis; D3-PMAD - Protocol Metadata Anomaly Detection; D3-RTSD - Remote Terminal Session Detection; D3-UBA - User Behavior Analysis; D3-UGLPA - User Geolocation Logon Pattern Analysis,11
4,﻿[AUT][Public IP]CU102_WAF_Successful_Connection_from_Alerted-IOC_IP,[AUT][Public IP]CU102_WAF_Successful_Connection_from_Alerted-IOC_IP,T1190,,T1190; T1595.002,T1190; T1595.002,,D3-APCA; D3-CSPP; D3-DQSA; D3-NTCD; D3-PA; D3-PHDURA; D3-RTSD; D3-UBA; D3-UGLPA,D3-APCA; D3-CSPP; D3-DQSA; D3-NTCD; D3-PA; D3-PHDURA; D3-RTSD; D3-UBA; D3-UGLPA,,D3-ISVA - Inbound Session Volume Analysis; D3-NTSA - Network Traffic Signature Analysis; D3-PMAD - Protocol Metadata Anomaly Detection,3
5,﻿[AUT][Public IP]CU103_Multiple_rsp_codes_4xx_5xx,[AUT][Public IP]CU103_Multiple_rsp_codes_4xx_5xx,T1083; T1190; T1592; T1595; T1595.002,,T1190,T1083; T1190; T1592; T1595; T1595.002,,,,,D3-APCA - Application Protocol Command Analysis; D3-CSPP - Client-server Payload Profiling; D3-DQSA - Database Query String Analysis; D3-FCOA - File Content Analysis; D3-FCR - File Content Rules; D3-FH - File Hashing; D3-FIM - File Integrity Monitoring; D3-ISVA - Inbound Session Volume Analysis; D3-NTCD - Network Traffic Community Deviation; D3-NTSA - Network Traffic Signature Analysis; D3-PHDURA - Per Host Download-Upload Ratio Analysis; D3-PM - Platform Monitoring; D3-PMAD - Protocol Metadata Anomaly Detection; D3-RTSD - Remote Terminal Session Detection; D3-UBA - User Behavior Analysis; D3-UGLPA - User Geolocation Logon Pattern Analysis,16
6,﻿[AUT][Public IP]CU105_Waf_Try_path_exec_Alert,[AUT][Public IP]CU105_Waf_Try_path_exec_Alert,T1059; T1190,,T1190,T1059; T1190,,,,,D3-APCA - Application Protocol Command Analysis; D3-CSPP - Client-server Payload Profiling; D3-DA - Dynamic Analysis; D3-DQSA - Database Query String Analysis; D3-EFA - Emulated File Analysis; D3-FCOA - File Content Analysis; D3-FCR - File Content Rules; D3-FH - File Hashing; D3-FIM - File Integrity Monitoring; D3-ISVA - Inbound Session Volume Analysis; D3-NTCD - Network Traffic Community Deviation; D3-NTSA - Network Traffic Signature Analysis; D3-PHDURA - Per Host Download-Upload Ratio Analysis; D3-PM - Platform Monitoring; D3-PMAD - Protocol Metadata Anomaly Detection; D3-RTSD - Remote Terminal Session Detection; D3-UBA - User Behavior Analysis; D3-UGLPA - User Geolocation Logon Pattern Analysis,18
7,﻿[AUT][Public IP]CU115_Multiples_Detections_IPS_Checkpoint,[AUT][Public IP]CU115_Multiples_Detections_IPS_Checkpoint,T1046; T1190; T1499; T1590; T1592; T1595,,T1190,T1046; T1190; T1499; T1590; T1592; T1595,,D3-UBA,D3-UBA,,D3-APCA - Application Protocol Command Analysis; D3-CSPP - Client-server Payload Profiling; D3-DQSA - Database Query String Analysis; D3-ISVA - Inbound Session Volume Analysis; D3-NTCD - Network Traffic Community Deviation; D3-NTSA - Network Traffic Signature Analysis; D3-PHDURA - Per Host Download-Upload Ratio Analysis; D3-PMAD - Protocol Metadata Anomaly Detection; D3-RTSD - Remote Terminal Session Detection; D3-UGLPA - User Geolocation Logon Pattern Analysis,10
8,﻿[AUT][Public IP]CU120_WAF_Detection_Bash_Usage_F5_SDK_URLs,[AUT][Public IP]CU120_WAF_Detection_Bash_Usage_F5_SDK_URLs,T1059.004; T1190,,T1190,T1059.004; T1190,,,,,D3-APCA - Application Protocol Command Analysis; D3-CSPP - Client-server Payload Profiling; D3-DQSA - Database Query String Analysis; D3-ISVA - Inbound Session Volume Analysis; D3-NTCD - Network Traffic Community Deviation; D3-NTSA - Network Traffic Signature Analysis; D3-PHDURA - Per Host Download-Upload Ratio Analysis; D3-PMAD - Protocol Metadata Anomaly Detection; D3-RTSD - Remote Terminal Session Detection; D3-UBA - User Behavior Analysis; D3-UGLPA - User Geolocation Logon Pattern Analysis,11
9,﻿[AUT][Public IP]CU129_Checkpoint_IPS_Detections_with_IOC,[AUT][Public IP]CU129_Checkpoint_IPS_Detections_with_IOC,T1133; T1190; T1583; T1587.001; T1588; T1588.002; T1595,T1595,T1190; T1595; T1595.002,T1133; T1190; T1583; T1587.001; T1588; T1588.002; T1595; T1595.002,,,,,D3-APCA - Application Protocol Command Analysis; D3-CSPP - Client-server Payload Profiling; D3-DQSA - Database Query String Analysis; D3-ISVA - Inbound Session Volume Analysis; D3-NTCD - Network Traffic Community Deviation; D3-NTSA - Network Traffic Signature Analysis; D3-PHDURA - Per Host Download-Upload Ratio Analysis; D3-PMAD - Protocol Metadata Anomaly Detection; D3-RTSD - Remote Terminal Session Detection; D3-UBA - User Behavior Analysis; D3-UGLPA - User Geolocation Logon Pattern Analysis,11
10,﻿[AUT][Public IP]CU131_Abnormal_UserAgent_Detection,[AUT][Public IP]CU131_Abnormal_UserAgent_Detection,T1071.001; T1190,T1071.001; T1583.006; T1595.001,T1021.001; T1190; T1595,T1021.001; T1071.001; T1190; T1583.006; T1595; T1595.001,,,,,D3-ACA - Active Certificate Analysis; D3-APCA - Application Protocol Command Analysis; D3-CA - Certificate Analysis; D3-CSPP - Client-server Payload Profiling; D3-DQSA - Database Query String Analysis; D3-FCOA - File Content Analysis; D3-FCR - File Content Rules; D3-FH - File Hashing; D3-FIM - File Integrity Monitoring; D3-ISVA - Inbound Session Volume Analysis; D3-NTCD - Network Traffic Community Deviation; D3-NTSA - Network Traffic Signature Analysis; D3-PCA - Passive Certificate Analysis; D3-PHDURA - Per Host Download-Upload Ratio Analysis; D3-PM - Platform Monitoring; D3-PMAD - Protocol Metadata Anomaly Detection; D3-RPA - Relay Pattern Analysis; D3-RTSD - Remote Terminal Session Detection; D3-UBA - User Behavior Analysis; D3-UGLPA - User Geolocation Logon Pattern Analysis,20
11,﻿[AUT][Public IP]CU137_Checkpoint_Drop-Detect-ips_conection_with_IOC,[AUT][Public IP]CU137_Checkpoint_Drop-Detect-ips_conection_with_IOC,T1071,T1046; T1190; T1595,T1190; T1595; T1595.002,T1046; T1071; T1190; T1595; T1595.002,,,,,D3-ACA - Active Certificate Analysis; D3-APCA - Application Protocol Command Analysis; D3-CA - Certificate Analysis; D3-CSPP - Client-server Payload Profiling; D3-DQSA - Database Query String Analysis; D3-FCOA - File Content Analysis; D3-FCR - File Content Rules; D3-FH - File Hashing; D3-FIM - File Integrity Monitoring; D3-ISVA - Inbound Session Volume Analysis; D3-NTCD - Network Traffic Community Deviation; D3-NTSA - Network Traffic Signature Analysis; D3-PCA - Passive Certificate Analysis; D3-PHDURA - Per Host Download-Upload Ratio Analysis; D3-PM - Platform Monitoring; D3-PMAD - Protocol Metadata Anomaly Detection; D3-RPA - Relay Pattern Analysis; D3-RTSD - Remote Terminal Session Detection; D3-UBA - User Behavior Analysis; D3-UGLPA - User Geolocation Logon Pattern Analysis,20
12,﻿[AUT][Public IP]CU138_F5_iControl_REST_Suspicious_Access,[AUT][Public IP]CU138_F5_iControl_REST_Suspicious_Access,T1190; T1595.002,T1190,T1190,T1190; T1595.002,,,,,D3-APCA - Application Protocol Command Analysis; D3-CSPP - Client-server Payload Profiling; D3-DQSA - Database Query String Analysis; D3-ISVA - Inbound Session Volume Analysis; D3-NTCD - Network Traffic Community Deviation; D3-NTSA - Network Traffic Signature Analysis; D3-PHDURA - Per Host Download-Upload Ratio Analysis; D3-PMAD - Protocol Metadata Anomaly Detection; D3-RTSD - Remote Terminal Session Detection; D3-UBA - User Behavior Analysis; D3-UGLPA - User Geolocation Logon Pattern Analysis,11
13,﻿[AUT][Public IP]CU139_CHECKPOINT_iControl_REST_Suspicious_Access,[AUT][Public IP]CU139_CHECKPOINT_iControl_REST_Suspicious_Access,T1190,T1190,T1190,T1190,,,,,D3-APCA - Application Protocol Command Analysis; D3-CSPP - Client-server Payload Profiling; D3-DQSA - Database Query String Analysis; D3-ISVA - Inbound Session Volume Analysis; D3-NTCD - Network Traffic Community Deviation; D3-NTSA - Network Traffic Signature Analysis; D3-PHDURA - Per Host Download-Upload Ratio Analysis; D3-PMAD - Protocol Metadata Anomaly Detection; D3-RTSD - Remote Terminal Session Detection; D3-UBA - User Behavior Analysis; D3-UGLPA - User Geolocation Logon Pattern Analysis,11
14,﻿CU001_Unhandled_Threat,CU001_Unhandled_Threat,T1588.001,,T1098; T1204,T1098; T1204; T1588.001,,,,,,0
15,﻿CU005_Vertical_Port_Scan,CU005_Vertical_Port_Scan,T1046; T1595,T1046,T1595,T1046; T1595,,,,,,0
16,﻿CU006_Horizontal_Port_Scan,CU006_Horizontal_Port_Scan,T1046; T1595,T1046,T1595,T1046; T1595,,,,,,0
17,﻿CU025_DPAPI_attributes_accessed,CU025_DPAPI_attributes_accessed,T1003; T1003.006; T1555; T1555.004,T1550,T1059; T1059.001; T1078,T1003; T1003.006; T1059; T1059.001; T1078; T1550; T1555; T1555.004,,,,,D3-AEM - Application Exception Monitoring; D3-ANAA - Administrative Network Activity Analysis; D3-APCA - Application Protocol Command Analysis; D3-APM - Application Performance Monitoring; D3-CAA - Connection Attempt Analysis; D3-CSPP - Client-server Payload Profiling; D3-DA - Dynamic Analysis; D3-EFA - Emulated File Analysis; D3-FCOA - File Content Analysis; D3-FCR - File Content Rules; D3-FH - File Hashing; D3-FIM - File Integrity Monitoring; D3-NTCD - Network Traffic Community Deviation; D3-NTSA - Network Traffic Signature Analysis; D3-OPM - Operational Process Monitoring; D3-PHDURA - Per Host Download-Upload Ratio Analysis; D3-PLA - Process Lineage Analysis; D3-PM - Platform Monitoring; D3-PMAD - Protocol Metadata Anomaly Detection; D3-PSMD - Process Self-Modification Detection; D3-RTSD - Remote Terminal Session Detection; D3-UBA - User Behavior Analysis; D3-UGLPA - User Geolocation Logon Pattern Analysis,23
18,﻿CU045_CITRIX_Impossible_Travel,CU045_CITRIX_Impossible_Travel,T1078,T1078,T1078,T1078,,,,,,0
19,﻿CU049_Login_over_Tor_network,CU049_Login_over_Tor_network,T1090,,T1078,T1078; T1090,,,,,,0
20,﻿CU056_Multiple_critical_port_scan,CU056_Multiple_critical_port_scan,T1595,T1569,T1046; T1204; T1595,T1046; T1204; T1569; T1595,,,,,,0
21,﻿CU057_Multiple_critical_detection,CU057_Multiple_critical_detection,T1569.001; T1569.002; T1569.003,T1569,T1059; T1059.001; T1204,T1059; T1059.001; T1204; T1569; T1569.001; T1569.002; T1569.003,,,,,D3-DA - Dynamic Analysis; D3-EFA - Emulated File Analysis; D3-FCOA - File Content Analysis; D3-FCR - File Content Rules; D3-FH - File Hashing; D3-FIM - File Integrity Monitoring; D3-PM - Platform Monitoring,7
22,﻿CU062_Abnormal_attempt_code_DC,CU062_Abnormal_attempt_code_DC,T1087,T1068,T1098; T1110,T1068; T1087; T1098; T1110,,,,,D3-MBT - Memory Boundary Tracking; D3-OSM - Operating System Monitoring; D3-PCSV - Process Code Segment Verification; D3-PM - Platform Monitoring; D3-SSC - Shadow Stack Comparisons,5
23,﻿CU063_Abnormal_attempt_Code,CU063_Abnormal_attempt_Code,T1087,,,T1087,,,,,,0
24,﻿CU080_AD_Multiples_login_failure_single_source,CU080_AD_Multiples_login_failure_single_source,T1010; T1110; T1110.003,,T1110; T1110.003; T1595,T1010; T1110; T1110.003; T1595,,,,,D3-AEM - Application Exception Monitoring; D3-ANAA - Administrative Network Activity Analysis; D3-APCA - Application Protocol Command Analysis; D3-APM - Application Performance Monitoring; D3-CAA - Connection Attempt Analysis; D3-CCSA - Credential Compromise Scope Analysis; D3-CSPP - Client-server Payload Profiling; D3-NTCD - Network Traffic Community Deviation; D3-NTSA - Network Traffic Signature Analysis; D3-OPM - Operational Process Monitoring; D3-PHDURA - Per Host Download-Upload Ratio Analysis; D3-PM - Platform Monitoring; D3-PMAD - Protocol Metadata Anomaly Detection; D3-RTSD - Remote Terminal Session Detection; D3-SCA - System Call Analysis; D3-UBA - User Behavior Analysis; D3-UGLPA - User Geolocation Logon Pattern Analysis,17
25,﻿CU081_Multiples_autenticaciones_fallidas_usuarios_grupo_PSONLOUsers,CU081_Multiples_autenticaciones_fallidas_usuarios_grupo_PSONLOUsers,T1110,,T1021.001; T1110,T1021.001; T1110,,,,,D3-APCA - Application Protocol Command Analysis; D3-CSPP - Client-server Payload Profiling; D3-NTCD - Network Traffic Community Deviation; D3-NTSA - Network Traffic Signature Analysis; D3-PHDURA - Per Host Download-Upload Ratio Analysis; D3-PMAD - Protocol Metadata Anomaly Detection; D3-RTSD - Remote Terminal Session Detection; D3-UBA - User Behavior Analysis; D3-UGLPA - User Geolocation Logon Pattern Analysis,9
26,﻿CU082_Inconveniente_de_almacenamiento_de_auditoria_local,CU082_Inconveniente_de_almacenamiento_de_auditoria_local,T1070,,,T1070,,,,,,0
27,﻿CU083_Deteccion de tag EDR process_reputation_most_likely_malicious,CU083_Deteccion de tag EDR process_reputation_most_likely_malicious,T1587.001,,,T1587.001,,,,,,0
28,﻿CU084_CASB_Anomalous_Access_Location,CU084_CASB_Anomalous_Access_Location,T1021; T1078; T1098,,,T1021; T1078; T1098,,,,,D3-APCA - Application Protocol Command Analysis; D3-CAA - Connection Attempt Analysis; D3-CSPP - Client-server Payload Profiling; D3-NTCD - Network Traffic Community Deviation; D3-NTSA - Network Traffic Signature Analysis; D3-PHDURA - Per Host Download-Upload Ratio Analysis; D3-PMAD - Protocol Metadata Anomaly Detection; D3-RTSD - Remote Terminal Session Detection; D3-UBA - User Behavior Analysis; D3-UGLPA - User Geolocation Logon Pattern Analysis,10
29,﻿CU085_CASB_Superhuman,CU085_CASB_Superhuman,T1021; T1078; T1098,,,T1021; T1078; T1098,,,,,D3-APCA - Application Protocol Command Analysis; D3-CAA - Connection Attempt Analysis; D3-CSPP - Client-server Payload Profiling; D3-NTCD - Network Traffic Community Deviation; D3-NTSA - Network Traffic Signature Analysis; D3-PHDURA - Per Host Download-Upload Ratio Analysis; D3-PMAD - Protocol Metadata Anomaly Detection; D3-RTSD - Remote Terminal Session Detection; D3-UBA - User Behavior Analysis; D3-UGLPA - User Geolocation Logon Pattern Analysis,10
30,﻿CU086_Detecciones de ioc para el mismo usuario en bluecoat,CU086_Detecciones de ioc para el mismo usuario en bluecoat,T1189,,T1595.002,T1189; T1595.002,,,,,D3-APCA - Application Protocol Command Analysis; D3-CSPP - Client-server Payload Profiling; D3-HD - Homoglyph Detection; D3-IAA - Identifier Activity Analysis; D3-ID - Identifier Analysis; D3-IRA - Identifier Reputation Analysis; D3-NTCD - Network Traffic Community Deviation; D3-NTSA - Network Traffic Signature Analysis; D3-PHDURA - Per Host Download-Upload Ratio Analysis; D3-PMAD - Protocol Metadata Anomaly Detection; D3-RPA - Relay Pattern Analysis; D3-RTSD - Remote Terminal Session Detection; D3-UA - URL Analysis; D3-UBA - User Behavior Analysis; D3-UGLPA - User Geolocation Logon Pattern Analysis; D3-URA - URL Reputation Analysis,16
31,﻿CU088_LockedAccounts,CU088_LockedAccounts,T1110,,,T1110,,,,,,0
32,﻿CU089_SWIFT Alliance Brute Force,CU089_SWIFT Alliance Brute Force,T1110,,T1110,T1110,,,,,,0
33,﻿CU090_SWIFT Integrity Compromised,CU090_SWIFT Integrity Compromised,T1565; T1657,,,T1565; T1657,,,,,,0
34,﻿CU091_EPO_FILE_Not_Deleted,CU091_EPO_FILE_Not_Deleted,T1587.001,,T1204,T1204; T1587.001,,,,,,0
35,﻿CU092_Suspicious_Source_to_Destination_Traffic_IOC_Match,CU092_Suspicious_Source_to_Destination_Traffic_IOC_Match,T1078; T1133,,T1595.002,T1078; T1133; T1595.002,,,,,,0
36,﻿CU093_Login_Attempts_From_TOR_Nodes_Log4j_Exploits_IPs,CU093_Login_Attempts_From_TOR_Nodes_Log4j_Exploits_IPs,T1090.003; T1133; T1190,,T1595.002,T1090.003; T1133; T1190; T1595.002,,,,,D3-APCA - Application Protocol Command Analysis; D3-CSPP - Client-server Payload Profiling; D3-DQSA - Database Query String Analysis; D3-ISVA - Inbound Session Volume Analysis; D3-NTCD - Network Traffic Community Deviation; D3-NTSA - Network Traffic Signature Analysis; D3-PHDURA - Per Host Download-Upload Ratio Analysis; D3-PMAD - Protocol Metadata Anomaly Detection; D3-RPA - Relay Pattern Analysis; D3-RTSD - Remote Terminal Session Detection; D3-UBA - User Behavior Analysis; D3-UGLPA - User Geolocation Logon Pattern Analysis,12
37,﻿CU096_Multiple_Users_Connected_to_IOC_IP,CU096_Multiple_Users_Connected_to_IOC_IP,T1566.002,,T1595.002,T1566.002; T1595.002,,,,,D3-APCA - Application Protocol Command Analysis; D3-CSPP - Client-server Payload Profiling; D3-DA - Dynamic Analysis; D3-EFA - Emulated File Analysis; D3-FCOA - File Content Analysis; D3-FCR - File Content Rules; D3-FH - File Hashing; D3-FIM - File Integrity Monitoring; D3-HD - Homoglyph Detection; D3-IAA - Identifier Activity Analysis; D3-ID - Identifier Analysis; D3-IRA - Identifier Reputation Analysis; D3-ISVA - Inbound Session Volume Analysis; D3-MA - Message Analysis; D3-NTCD - Network Traffic Community Deviation; D3-NTSA - Network Traffic Signature Analysis; D3-PHDURA - Per Host Download-Upload Ratio Analysis; D3-PM - Platform Monitoring; D3-PMAD - Protocol Metadata Anomaly Detection; D3-RTSD - Remote Terminal Session Detection; D3-SMRA - Sender MTA Reputation Analysis; D3-SRA - Sender Reputation Analysis; D3-UA - URL Analysis; D3-UBA - User Behavior Analysis; D3-UGLPA - User Geolocation Logon Pattern Analysis; D3-URA - URL Reputation Analysis,26
38,﻿CU098_Detection_Usage_SC_NET_Multiple_Services_Processes,CU098_Detection_Usage_SC_NET_Multiple_Services_Processes,T1068; T1685,,,T1068; T1685,,,,,D3-MBT - Memory Boundary Tracking; D3-OSM - Operating System Monitoring; D3-PCSV - Process Code Segment Verification; D3-PM - Platform Monitoring; D3-SSC - Shadow Stack Comparisons,5
39,﻿CU099_Detection_Usage_TASKKILL_Multiple_Processes,CU099_Detection_Usage_TASKKILL_Multiple_Processes,T1489; T1685,,,T1489; T1685,,,,,,0
40,﻿CU100_Possible_Phishing_Campaing,CU100_Possible_Phishing_Campaing,T1566,,T1566; T1595.002,T1566; T1595.002,,,,,,0
41,﻿CU104_Domain_or_Tenant_Policy_Modification,CU104_Domain_or_Tenant_Policy_Modification,T1484; T1484.001,,,T1484; T1484.001,,,,,,0
42,﻿CU106_Possible_Spear_Phishing_Campaign_ExcoMember,CU106_Possible_Spear_Phishing_Campaign_ExcoMember,T1566,,T1566; T1595.002,T1566; T1595.002,,,,,,0
43,﻿CU107_Abnormal_System_Time_Change,CU107_Abnormal_System_Time_Change,T1070,,,T1070,,,,,,0
44,﻿CU108_Control_de_habilitación_de_servicio_SSH_en_ESXi,CU108_Control_de_habilitación_de_servicio_SSH_en_ESXi,T1021.004; T1133,,,T1021.004; T1133,,,,,D3-APCA - Application Protocol Command Analysis; D3-CSPP - Client-server Payload Profiling; D3-NTCD - Network Traffic Community Deviation; D3-NTSA - Network Traffic Signature Analysis; D3-PHDURA - Per Host Download-Upload Ratio Analysis; D3-PMAD - Protocol Metadata Anomaly Detection; D3-RTSD - Remote Terminal Session Detection; D3-UBA - User Behavior Analysis; D3-UGLPA - User Geolocation Logon Pattern Analysis,9
45,﻿CU109_Unauthorized _modification_authorized_keys _file,CU109_Unauthorized _modification_authorized_keys _file,T1098; T1098.004,,T1595.002,T1098; T1098.004; T1595.002,,,,,,0
46,﻿CU110_Unauthorized_user_with_DCSYNC_permission,CU110_Unauthorized_user_with_DCSYNC_permission,T1003.006; T1078; T1548,T1003.006,T1078,T1003.006; T1078; T1548,,,,,D3-AEM - Application Exception Monitoring; D3-ANAA - Administrative Network Activity Analysis; D3-APCA - Application Protocol Command Analysis; D3-APM - Application Performance Monitoring; D3-CAA - Connection Attempt Analysis; D3-CSPP - Client-server Payload Profiling; D3-NTCD - Network Traffic Community Deviation; D3-NTSA - Network Traffic Signature Analysis; D3-OPM - Operational Process Monitoring; D3-PHDURA - Per Host Download-Upload Ratio Analysis; D3-PM - Platform Monitoring; D3-PMAD - Protocol Metadata Anomaly Detection; D3-RTSD - Remote Terminal Session Detection; D3-UBA - User Behavior Analysis; D3-UGLPA - User Geolocation Logon Pattern Analysis,15
47,﻿CU111_Vulnerability_VMware_ESXi,CU111_Vulnerability_VMware_ESXi,T1069.001; T1098; T1484; T1548,,T1098,T1069.001; T1098; T1484; T1548,,,,,,0
48,﻿CU112_Suspicious_Regsvr32_Execution,CU112_Suspicious_Regsvr32_Execution,T1218,,,T1218,,,,,,0
49,﻿CU116_CITRIX_Massive_Brute_Force,CU116_CITRIX_Massive_Brute_Force,T1110,,T1078; T1110; T1190,T1078; T1110; T1190,,,,,D3-APCA - Application Protocol Command Analysis; D3-CSPP - Client-server Payload Profiling; D3-DQSA - Database Query String Analysis; D3-ISVA - Inbound Session Volume Analysis; D3-NTCD - Network Traffic Community Deviation; D3-NTSA - Network Traffic Signature Analysis; D3-PHDURA - Per Host Download-Upload Ratio Analysis; D3-PMAD - Protocol Metadata Anomaly Detection; D3-RTSD - Remote Terminal Session Detection; D3-UBA - User Behavior Analysis; D3-UGLPA - User Geolocation Logon Pattern Analysis,11
50,﻿CU117_CITRIX_Single_Origin_Brute_Force,CU117_CITRIX_Single_Origin_Brute_Force,T1110,,T1078; T1110; T1190,T1078; T1110; T1190,,,,,D3-APCA - Application Protocol Command Analysis; D3-CSPP - Client-server Payload Profiling; D3-DQSA - Database Query String Analysis; D3-ISVA - Inbound Session Volume Analysis; D3-NTCD - Network Traffic Community Deviation; D3-NTSA - Network Traffic Signature Analysis; D3-PHDURA - Per Host Download-Upload Ratio Analysis; D3-PMAD - Protocol Metadata Anomaly Detection; D3-RTSD - Remote Terminal Session Detection; D3-UBA - User Behavior Analysis; D3-UGLPA - User Geolocation Logon Pattern Analysis,11
51,﻿CU119_AD_Modify_critics_groups,CU119_AD_Modify_critics_groups,T1098,,T1098,T1098,,,,,,0
52,﻿CU121_CVE-2024-49113 Posible LDAP Nightmare Exploit,CU121_CVE-2024-49113 Posible LDAP Nightmare Exploit,T1548.002,T1499,,T1499; T1548.002,,,,,D3-DA - Dynamic Analysis; D3-EFA - Emulated File Analysis; D3-FCOA - File Content Analysis; D3-FCR - File Content Rules; D3-FH - File Hashing; D3-FIM - File Integrity Monitoring; D3-PM - Platform Monitoring; D3-SCA - System Call Analysis,8
53,﻿CU122_AD_User_Creation_Outside_IDM,CU122_AD_User_Creation_Outside_IDM,T1136,,T1098,T1098; T1136,,,,,,0
54,﻿CU123_AD_Object(group/user)_Assignment_to_Groups_Outside_IDM,CU123_AD_Object(group/user)_Assignment_to_Groups_Outside_IDM,T1068; T1098,,T1021.001; T1098,T1021.001; T1068; T1098,,,,,D3-APCA - Application Protocol Command Analysis; D3-CSPP - Client-server Payload Profiling; D3-MBT - Memory Boundary Tracking; D3-NTCD - Network Traffic Community Deviation; D3-NTSA - Network Traffic Signature Analysis; D3-OSM - Operating System Monitoring; D3-PCSV - Process Code Segment Verification; D3-PHDURA - Per Host Download-Upload Ratio Analysis; D3-PM - Platform Monitoring; D3-PMAD - Protocol Metadata Anomaly Detection; D3-RTSD - Remote Terminal Session Detection; D3-SSC - Shadow Stack Comparisons; D3-UBA - User Behavior Analysis; D3-UGLPA - User Geolocation Logon Pattern Analysis,14
55,﻿CU124_DC_SuspiciousActivity_EDR,CU124_DC_SuspiciousActivity_EDR,T1587.001,,,T1587.001,,,,,,0
56,﻿CU125_WinRegistry_UACPolicy_Access,CU125_WinRegistry_UACPolicy_Access,T1012; T1112; T1218; T1547.001; T1548,T1112,T1059,T1012; T1059; T1112; T1218; T1547.001; T1548,,,,,D3-DA - Dynamic Analysis; D3-EFA - Emulated File Analysis; D3-FCOA - File Content Analysis; D3-FCR - File Content Rules; D3-FH - File Hashing; D3-FIM - File Integrity Monitoring; D3-OSM - Operating System Monitoring; D3-PM - Platform Monitoring; D3-SCA - System Call Analysis; D3-SICA - System Init Config Analysis,10
57,﻿CU126_AD_Critics_Users_logon_without_passwordsafe_request,CU126_AD_Critics_Users_logon_without_passwordsafe_request,T1078; T1078.002,T1078; T1078.002; T1556; T1556.004,T1098,T1078; T1078.002; T1098; T1556; T1556.004,,,,,D3-DAM - Domain Account Monitoring; D3-PLA - Process Lineage Analysis; D3-PSMD - Process Self-Modification Detection; D3-UBA - User Behavior Analysis,4
58,﻿CU128_FW_Forbidden_Connections_From_DMZ,CU128_FW_Forbidden_Connections_From_DMZ,T1133; T1189; T1190,T1021; T1046; T1071.001,T1098; T1595,T1021; T1046; T1071.001; T1098; T1133; T1189; T1190; T1595,,,,,D3-ACA - Active Certificate Analysis; D3-APCA - Application Protocol Command Analysis; D3-CA - Certificate Analysis; D3-CAA - Connection Attempt Analysis; D3-CSPP - Client-server Payload Profiling; D3-DQSA - Database Query String Analysis; D3-FCOA - File Content Analysis; D3-FCR - File Content Rules; D3-FH - File Hashing; D3-FIM - File Integrity Monitoring; D3-HD - Homoglyph Detection; D3-IAA - Identifier Activity Analysis; D3-ID - Identifier Analysis; D3-IRA - Identifier Reputation Analysis; D3-ISVA - Inbound Session Volume Analysis; D3-NTCD - Network Traffic Community Deviation; D3-NTSA - Network Traffic Signature Analysis; D3-PCA - Passive Certificate Analysis; D3-PHDURA - Per Host Download-Upload Ratio Analysis; D3-PM - Platform Monitoring; D3-PMAD - Protocol Metadata Anomaly Detection; D3-RPA - Relay Pattern Analysis; D3-RTSD - Remote Terminal Session Detection; D3-UA - URL Analysis; D3-UBA - User Behavior Analysis; D3-UGLPA - User Geolocation Logon Pattern Analysis; D3-URA - URL Reputation Analysis,27
59,﻿CU130_GPOADM_Abnormal_Host_Logon,CU130_GPOADM_Abnormal_Host_Logon,T1078,,T1098,T1078; T1098,,,,,,0
60,﻿CU132_File_Hash_Reputation_Analysis,CU132_File_Hash_Reputation_Analysis,T1204,,T1204; T1595.002,T1204; T1595.002,,,,,,0
61,﻿CU133_EPO_Malware_Propagation_MultiHost,CU133_EPO_Malware_Propagation_MultiHost,T1105; T1486; T1570,T1027; T1070.004; T1105; T1569.002,T1204,T1027; T1070.004; T1105; T1204; T1486; T1569.002; T1570,,,,,D3-APCA - Application Protocol Command Analysis; D3-CAA - Connection Attempt Analysis; D3-CSPP - Client-server Payload Profiling; D3-FC - File Carving; D3-FCOA - File Content Analysis; D3-FCR - File Content Rules; D3-FH - File Hashing; D3-FIM - File Integrity Monitoring; D3-NTCD - Network Traffic Community Deviation; D3-NTSA - Network Traffic Signature Analysis; D3-PHDURA - Per Host Download-Upload Ratio Analysis; D3-PM - Platform Monitoring; D3-PMAD - Protocol Metadata Anomaly Detection; D3-RPA - Relay Pattern Analysis; D3-RTSD - Remote Terminal Session Detection; D3-UBA - User Behavior Analysis; D3-UGLPA - User Geolocation Logon Pattern Analysis,17
62,﻿CU134_Chroot_Command_Execution,CU134_Chroot_Command_Execution,T1059.004,T1059.004; T1202,,T1059.004; T1202,,,,,,0
63,﻿CU135_Weblogic_exploit,CU135_Weblogic_exploit,T1059; T1059.004; T1105; T1190,,,T1059; T1059.004; T1105; T1190,,,,,D3-APCA - Application Protocol Command Analysis; D3-CSPP - Client-server Payload Profiling; D3-DA - Dynamic Analysis; D3-DQSA - Database Query String Analysis; D3-EFA - Emulated File Analysis; D3-FCOA - File Content Analysis; D3-FCR - File Content Rules; D3-FH - File Hashing; D3-FIM - File Integrity Monitoring; D3-ISVA - Inbound Session Volume Analysis; D3-NTCD - Network Traffic Community Deviation; D3-NTSA - Network Traffic Signature Analysis; D3-PHDURA - Per Host Download-Upload Ratio Analysis; D3-PM - Platform Monitoring; D3-PMAD - Protocol Metadata Anomaly Detection; D3-RPA - Relay Pattern Analysis; D3-RTSD - Remote Terminal Session Detection; D3-UBA - User Behavior Analysis; D3-UGLPA - User Geolocation Logon Pattern Analysis,19
64,﻿CU136_NDR_single_source_multiple_destination,CU136_NDR_single_source_multiple_destination,T1018; T1046; T1595; T1595.001,T1021; T1046; T1071,T1046; T1204; T1568; T1595,T1018; T1021; T1046; T1071; T1204; T1568; T1595; T1595.001,,,,,D3-ACA - Active Certificate Analysis; D3-APCA - Application Protocol Command Analysis; D3-CA - Certificate Analysis; D3-CAA - Connection Attempt Analysis; D3-CSPP - Client-server Payload Profiling; D3-DNSTA - DNS Traffic Analysis; D3-FCOA - File Content Analysis; D3-FCR - File Content Rules; D3-FH - File Hashing; D3-FIM - File Integrity Monitoring; D3-NTCD - Network Traffic Community Deviation; D3-NTSA - Network Traffic Signature Analysis; D3-OSM - Operating System Monitoring; D3-PCA - Passive Certificate Analysis; D3-PHDURA - Per Host Download-Upload Ratio Analysis; D3-PM - Platform Monitoring; D3-PMAD - Protocol Metadata Anomaly Detection; D3-RPA - Relay Pattern Analysis; D3-RTSD - Remote Terminal Session Detection; D3-SBV - Service Binary Verification; D3-SCA - System Call Analysis; D3-SFA - System File Analysis; D3-UBA - User Behavior Analysis; D3-UGLPA - User Geolocation Logon Pattern Analysis,24
65,﻿CU140_NDR_multiple_source_to_single_destination,CU140_NDR_multiple_source_to_single_destination,T1595,T1021; T1046; T1071,T1046; T1204; T1568; T1595,T1021; T1046; T1071; T1204; T1568; T1595,,,,,D3-ACA - Active Certificate Analysis; D3-APCA - Application Protocol Command Analysis; D3-CA - Certificate Analysis; D3-CAA - Connection Attempt Analysis; D3-CSPP - Client-server Payload Profiling; D3-DNSTA - DNS Traffic Analysis; D3-FCOA - File Content Analysis; D3-FCR - File Content Rules; D3-FH - File Hashing; D3-FIM - File Integrity Monitoring; D3-NTCD - Network Traffic Community Deviation; D3-NTSA - Network Traffic Signature Analysis; D3-PCA - Passive Certificate Analysis; D3-PHDURA - Per Host Download-Upload Ratio Analysis; D3-PM - Platform Monitoring; D3-PMAD - Protocol Metadata Anomaly Detection; D3-RPA - Relay Pattern Analysis; D3-RTSD - Remote Terminal Session Detection; D3-UBA - User Behavior Analysis; D3-UGLPA - User Geolocation Logon Pattern Analysis,20
66,﻿CU141_NDR_Critical_Severity_Events_Detected,CU141_NDR_Critical_Severity_Events_Detected,T1046,T1021; T1046; T1190,T1190; T1568; T1595,T1021; T1046; T1190; T1568; T1595,,,,,D3-APCA - Application Protocol Command Analysis; D3-CAA - Connection Attempt Analysis; D3-CSPP - Client-server Payload Profiling; D3-DNSTA - DNS Traffic Analysis; D3-DQSA - Database Query String Analysis; D3-ISVA - Inbound Session Volume Analysis; D3-NTCD - Network Traffic Community Deviation; D3-NTSA - Network Traffic Signature Analysis; D3-PHDURA - Per Host Download-Upload Ratio Analysis; D3-PMAD - Protocol Metadata Anomaly Detection; D3-RPA - Relay Pattern Analysis; D3-RTSD - Remote Terminal Session Detection; D3-UBA - User Behavior Analysis; D3-UGLPA - User Geolocation Logon Pattern Analysis,14
67,﻿CU142_NDR_detection_in_DCs,CU142_NDR_detection_in_DCs,T1548.002,,T1568,T1548.002; T1568,,,,,D3-APCA - Application Protocol Command Analysis; D3-CSPP - Client-server Payload Profiling; D3-DA - Dynamic Analysis; D3-DNSTA - DNS Traffic Analysis; D3-EFA - Emulated File Analysis; D3-FCOA - File Content Analysis; D3-FCR - File Content Rules; D3-FH - File Hashing; D3-FIM - File Integrity Monitoring; D3-NTCD - Network Traffic Community Deviation; D3-NTSA - Network Traffic Signature Analysis; D3-PHDURA - Per Host Download-Upload Ratio Analysis; D3-PM - Platform Monitoring; D3-PMAD - Protocol Metadata Anomaly Detection; D3-RPA - Relay Pattern Analysis; D3-RTSD - Remote Terminal Session Detection; D3-SCA - System Call Analysis; D3-UBA - User Behavior Analysis; D3-UGLPA - User Geolocation Logon Pattern Analysis,19
68,﻿CU143_NDR_StransIPv4Connections_withIOCs,CU143_NDR_StransIPv4Connections_withIOCs,T1071,,T1568; T1595.002,T1071; T1568; T1595.002,,,,,D3-ACA - Active Certificate Analysis; D3-APCA - Application Protocol Command Analysis; D3-CA - Certificate Analysis; D3-CSPP - Client-server Payload Profiling; D3-DNSTA - DNS Traffic Analysis; D3-FCOA - File Content Analysis; D3-FCR - File Content Rules; D3-FH - File Hashing; D3-FIM - File Integrity Monitoring; D3-NTCD - Network Traffic Community Deviation; D3-NTSA - Network Traffic Signature Analysis; D3-PCA - Passive Certificate Analysis; D3-PHDURA - Per Host Download-Upload Ratio Analysis; D3-PM - Platform Monitoring; D3-PMAD - Protocol Metadata Anomaly Detection; D3-RPA - Relay Pattern Analysis; D3-RTSD - Remote Terminal Session Detection; D3-UBA - User Behavior Analysis; D3-UGLPA - User Geolocation Logon Pattern Analysis,19
69,﻿CU144_AV_Alert_SeverityHigh_ByLocalUserAdministrator,CU144_AV_Alert_SeverityHigh_ByLocalUserAdministrator,T1685,,T1098; T1204,T1098; T1204; T1685,,,,,,0
70,﻿CU145_EDR_Alert_S4_ByLocalUserAdministrator,CU145_EDR_Alert_S4_ByLocalUserAdministrator,T1204.002,,T1098,T1098; T1204.002,,,,,D3-DA - Dynamic Analysis; D3-EFA - Emulated File Analysis; D3-FCOA - File Content Analysis; D3-FCR - File Content Rules; D3-FH - File Hashing; D3-FIM - File Integrity Monitoring; D3-PM - Platform Monitoring,7
71,﻿CU146_Proxy_WebActivity_UserGenerics_IOC,CU146_Proxy_WebActivity_UserGenerics_IOC,T1071; T1071.001; T1078,,T1595.002,T1071; T1071.001; T1078; T1595.002,,,,,D3-ACA - Active Certificate Analysis; D3-APCA - Application Protocol Command Analysis; D3-CA - Certificate Analysis; D3-CSPP - Client-server Payload Profiling; D3-FCOA - File Content Analysis; D3-FCR - File Content Rules; D3-FH - File Hashing; D3-FIM - File Integrity Monitoring; D3-NTCD - Network Traffic Community Deviation; D3-NTSA - Network Traffic Signature Analysis; D3-PCA - Passive Certificate Analysis; D3-PHDURA - Per Host Download-Upload Ratio Analysis; D3-PM - Platform Monitoring; D3-PMAD - Protocol Metadata Anomaly Detection; D3-RPA - Relay Pattern Analysis; D3-RTSD - Remote Terminal Session Detection; D3-UBA - User Behavior Analysis; D3-UGLPA - User Geolocation Logon Pattern Analysis,18
72,﻿CU147_AD_User_Enumeration,CU147_AD_User_Enumeration,T1087; T1087.002,,T1595,T1087; T1087.002; T1595,,,,,D3-DAM - Domain Account Monitoring; D3-UBA - User Behavior Analysis,2
73,﻿CU148_IAM_OU_PROD_Abnormal_Host_Logon,CU148_IAM_OU_PROD_Abnormal_Host_Logon,T1078,,T1021.001,T1021.001; T1078,,,,,D3-APCA - Application Protocol Command Analysis; D3-CSPP - Client-server Payload Profiling; D3-NTCD - Network Traffic Community Deviation; D3-NTSA - Network Traffic Signature Analysis; D3-PHDURA - Per Host Download-Upload Ratio Analysis; D3-PMAD - Protocol Metadata Anomaly Detection; D3-RTSD - Remote Terminal Session Detection; D3-UBA - User Behavior Analysis; D3-UGLPA - User Geolocation Logon Pattern Analysis,9
74,﻿CU149_NDR_port_scan,CU149_NDR_port_scan,T1046,,T1046; T1595,T1046; T1595,,,,,,0
75,﻿CU150_Tenable_Alert,CU150_Tenable_Alert,T1548.002,,T1110; T1110.001,T1110; T1110.001; T1548.002,,,,,D3-AEM - Application Exception Monitoring; D3-APM - Application Performance Monitoring; D3-CCSA - Credential Compromise Scope Analysis; D3-DA - Dynamic Analysis; D3-EFA - Emulated File Analysis; D3-FCOA - File Content Analysis; D3-FCR - File Content Rules; D3-FH - File Hashing; D3-FIM - File Integrity Monitoring; D3-OPM - Operational Process Monitoring; D3-PM - Platform Monitoring; D3-SCA - System Call Analysis; D3-UBA - User Behavior Analysis,13
